id,nome,cognome,nome_cognomeP1,nome_cognomeP2,id_conto_P1,id_conto_P2,tel,email,indirizzo,quote,professione,id_societa1,id_societa2,nome_societa,paese,citta,id_credito_banca,tipo_tessera,data_apertura,data_transazione,importo
1,Ardis,Fuzzens,Ardis Fuzzens,Cyrus Kiffin,3559358869021890,633303471187926311,(399) 7425158,tgiacubo0@bing.com,22773 Grayhawk Park,1.4,Professor,73658,33276,Voolith,DJ,Tadjoura,4041599865417,visa,19/12/1990,09/03/2044,"€78653,54"
2,Innis,Lofting,Innis Lofting,Bernadina Bushell,3549238301948327,6771140717017813650,(610) 9610374,rbatrop1@google.com,608 Prentice Road,10.4,Registered Nurse,09276,33327,Tagopia,TH,Nong Don,0604998538843579766,maestro,14/03/1995,14/11/2036,"€35617,68"
3,Berkley,Jugging,Berkley Jugging,Hurley Debill,4729831948135884,6331107062193610,(558) 8909773,lstraffon2@nbcnews.com,090 Sutherland Junction,35.7,Statistician III,66365,62705,Gigaclub,MM,Pyu,3547753922021579,jcb,25/11/1998,13/05/2041,"€98463,98"
4,Abbey,Chadderton,Abbey Chadderton,Liam Tetley,5641825051827285109,5602217658731048,(570) 3352046,obernet3@goo.ne.jp,89 Arizona Plaza,22.7,Civil Engineer,74341,63876,Brightdog,ID,Sumberrejo,5253797066255591,mastercard,19/06/1995,11/11/2010,"€14562,65"
5,Leone,Tilling,Leone Tilling,Leone Tilling,3574764998553797,3574764998553797,(195) 5401961,gdobrovolny4@home.pl,39 Loeprich Court,28.6,Programmer Analyst II,80911,80911,Voonte,DO,Salcedo,3541410188768098,jcb,18/01/1991,07/06/2014,"€60985,93"
6,Rab,Faulconer,Rab Faulconer,Harli Haggidon,4724318333227,5602240483376763,(381) 2895468,ssauvage5@amazon.com,7330 Dawn Drive,17.3,Statistician I,22131,19838,Skajo,GB,Newbiggin,5020387904286529,maestro,30/11/1990,26/10/2049,"€30437,33"
7,Danya,Cardoe,Danya Cardoe,Pietrek Brehaut,50204877909776254,6331109225401786005,(606) 2846383,kburniston6@wordpress.com,2 Blaine Way,31.6,Desktop Support Technician,83435,42304,Bluejam,US,London,3577394461811261,jcb,30/03/1990,21/12/2005,"€25173,17"
8,Gerhardt,Roskams,Gerhardt Roskams,Danya Cardoe,3579742871832012,50204877909776254,(151) 2151060,kstaves7@nps.gov,4 Maple Wood Plaza,20.2,Quality Engineer,78338,83435,Mynte,PT,Maganha,3571975560471456,jcb,04/05/1997,17/02/2037,"€62583,27"
9,Hurley,Debill,Hurley Debill,Dorita Banck,6331107062193610,633110335225238604,(608) 1522562,bzecchinelli8@senate.gov,18179 Dwight Place,18.0,Analyst Programmer,62705,42331,Lazzy,RU,Prokop’yevsk,5414091762425872,diners-club-us-ca,04/05/1993,07/08/2048,"€49630,17"
10,Bret,Van Schafflaer,Bret Van Schafflaer,Fredek Thirlwell,3555947371464517,4913796892685638,(700) 2848528,olatchford9@w3.org,85391 Mockingbird Alley,42.6,Dental Hygienist,02589,55129,Yambee,CO,Magangué,4903717558005731,switch,14/07/1996,07/03/2000,"€10592,39"
11,Brig,Pessel,Brig Pessel,Corrina Birtle,676264278424339794,3528560948078647,(380) 8674963,rflindalla@freewebs.com,93 Darwin Lane,30.8,Financial Analyst,55897,04281,Dabvine,ID,Satowebrang,4936718546040724,switch,18/07/1992,02/01/2015,"€46338,07"
12,Ruthann,Brader,Ruthann Brader,Innis Lofting,5100138594646487,3549238301948327,(947) 4801796,rpointerb@google.nl,75643 Annamark Way,46.1,Junior Executive,51207,09276,Digitube,RU,Chernoyerkovskaya,3551852641142618,jcb,16/03/1990,21/12/2030,"€46199,58"
13,Alissa,Armsby,Alissa Armsby,Leone Tilling,5602231731668754,3574764998553797,(675) 1991324,abakesefc@theguardian.com,467 Hollow Ridge Hill,40.7,Senior Editor,88772,80911,Brightdog,PE,Duraznopampa,201896124236496,diners-club-enroute,21/09/1990,24/11/2011,"€91839,62"
14,Dorie,Covington,Dorie Covington,Kippy Moncreiffe,3582125964395151,201815208593119,(921) 1114336,fgoodramd@vkontakte.ru,99393 Carey Road,37.8,VP Accounting,52566,04611,Browsetype,ID,Sukadana,3589828867860964,jcb,10/03/1994,08/01/2047,"€71591,73"
15,Cloris,Belliard,Cloris Belliard,Elwood Viel,4175009763158005,6706546543795961800,(706) 3775248,aespinele@friendfeed.com,143 Morning Park,13.2,Teacher,91355,30314,Gigabox,AL,Librazhd,501813279702740824,maestro,25/11/1997,22/12/2043,"€66413,98"
16,Kalvin,Gummoe,Kalvin Gummoe,Eliza O'Dooghaine,30254025948883,30352036132826,(867) 1366648,nmadlef@bizjournals.com,7 Cardinal Way,3.8,Graphic Designer,79697,11352,Dazzlesphere,BA,Ostrožac,201536072017320,diners-club-enroute,18/04/1993,15/06/2033,"€66665,38"
17,Gerhardt,Roskams,Gerhardt Roskams,Dorotea Menure,3579742871832012,3529058389461405,(244) 9785084,csteljesg@fastcompany.com,5836 Rutledge Park,22.1,Programmer Analyst III,78338,67340,Mynte,ID,Lahar,3551407095780718,jcb,07/03/1996,13/02/2031,"€22907,27"
18,Noell,Dutton,Noell Dutton,Pyotr Kyston,374283042606830,5893777534537654008,(635) 7900879,rcamillerih@jigsy.com,5 Mallory Place,33.9,Structural Engineer,34683,69684,Tagtune,PT,Madalena,374283663443117,americanexpress,02/01/1997,03/05/2027,"€67805,80"
19,Pietrek,Brehaut,Pietrek Brehaut,Fredek Thirlwell,6331109225401786005,4913796892685638,(516) 5459428,gjillisi@4shared.com,04175 Eagle Crest Park,35.2,Dental Hygienist,42304,55129,Topicblab,US,New Hyde Park,5602244813358178,bankcard,29/03/1992,03/09/2034,"€29568,90"
20,Johann,Roly,Johann Roly,Dominick Condon,3583052706273018,589320860036838854,(857) 8867869,aduroj@is.gd,45894 Aberg Circle,30.0,Tax Accountant,33673,34804,Brainbox,PT,Casa Nova,372301075671539,americanexpress,19/06/1990,27/11/2042,"€78523,41"
21,Kirbee,Battram,Kirbee Battram,Sibby Dearlove,3552724985902379,30097456404680,(805) 8556956,smayork@fda.gov,684 Manufacturers Road,29.5,Data Coordiator,21497,73016,Skivee,BR,Arapongas,3578837078877850,jcb,05/01/1997,16/06/2032,"€89761,51"
22,Pyotr,Kyston,Pyotr Kyston,Sibby Dearlove,5893777534537654008,30097456404680,(202) 1418132,rmiskl@networksolutions.com,7 Oak Valley Place,27.2,Structural Analysis Engineer,69684,73016,Browsetype,FR,Paris 02,3550114709566886,jcb,07/10/1992,28/09/2041,"€78302,41"
23,Mabel,Viggers,Mabel Viggers,Marissa Sackler,5602258766032770,3544737614355828,(981) 1179086,kragbornem@dmoz.org,74 Weeping Birch Circle,25.4,Junior Executive,14633,56468,Rhynyx,PT,Casa Nova,490353274368050065,switch,26/08/1991,01/09/2023,"€94875,42"
24,Bret,Van Schafflaer,Bret Van Schafflaer,Erna Bechley,3555947371464517,67098109037531275,(250) 7294403,mscoreyn@seesaa.net,662 Mccormick Lane,15.9,Systems Administrator III,02589,63697,Buzzdog,ID,Gabahan,3559491446552093,jcb,29/01/1991,11/09/2022,"€70444,05"
25,Marissa,Sackler,Marissa Sackler,Kalvin Gummoe,3544737614355828,30254025948883,(253) 1288024,hgriptono@abc.net.au,17149 Merchant Circle,12.8,Administrative Officer,56468,79697,Latz,ID,Baroh,3566851105083378,jcb,17/09/1991,07/03/2007,"€54399,01"
26,Kalvin,Gummoe,Kalvin Gummoe,Janice Beeck,30254025948883,3536348021871777,(768) 2917499,phagertyp@friendfeed.com,7837 Sycamore Park,44.2,Geologist II,79697,42437,Dazzlesphere,ZA,Lebowakgomo,5018275634229857,maestro,01/01/1995,24/10/2009,"€68904,59"
27,Emmye,Cockshutt,Emmye Cockshutt,Ranna Ferrant,4175003397482733,3540315827959704,(289) 1246016,fibbisonq@hexun.com,38 Thompson Circle,35.9,Desktop Support Technician,53774,60710,Riffpath,CO,Carmen de Viboral,379715661765194,americanexpress,28/09/1992,31/12/2011,"€75629,98"
28,Kathrine,Morillas,Kathrine Morillas,Thane Kopman,4026132191408015,5247211973609618,(461) 2559796,mbodellr@shinystat.com,15309 Katie Circle,24.2,Geological Engineer,94553,21965,Kimia,ID,Andamui,5602228809122573,china-unionpay,25/01/1993,28/06/2039,"€40032,20"
29,Janice,Beeck,Janice Beeck,Cyrus Kiffin,3536348021871777,633303471187926311,(498) 7639718,jbartalins@ow.ly,4 Mesta Crossing,18.1,Internal Auditor,42437,33276,Tanoodle,PH,Uacon,677191053525298454,laser,19/06/1995,17/08/2022,"€57572,17"
30,Katharyn,Linskill,Katharyn Linskill,Mabel Viggers,3553147138413780,5602258766032770,(966) 6724816,imixworthyt@ed.gov,942 Bobwhite Circle,31.3,Senior Developer,12057,14633,Skimia,PS,Sīrīs,3556777266375968,jcb,04/01/1996,15/07/2048,"€57854,40"
31,Dorie,Covington,Dorie Covington,Liam Tetley,3582125964395151,5602217658731048,(997) 7807348,vspanswicku@google.it,2 Bluejay Junction,30.9,Registered Nurse,52566,63876,Browsetype,SV,Conchagua,3550317143100101,jcb,12/11/1998,03/09/2049,"€67719,62"
32,Corrina,Birtle,Corrina Birtle,Emili Windebank,3528560948078647,3550873815788524,(496) 4387266,odinneenv@ft.com,033 Portage Crossing,24.3,VP Accounting,04281,92484,Thoughtblab,CA,Bécancour,5108757752204698,mastercard,03/05/1995,10/12/2014,"€43918,00"
33,Inge,Boxe,Inge Boxe,Elwood Viel,3588355529014617,6706546543795961800,(591) 5508619,scrassw@cdc.gov,0 Forest Run Circle,31.9,VP Sales,23896,30314,Zooveo,PE,La Unión,3530773915114040,jcb,08/10/1996,12/11/2048,"€45131,96"
34,Bevan,Fernyhough,Bevan Fernyhough,Ethelind Wybron,3572447427882290,5602216674784221,(505) 3315357,lthundersx@washington.edu,94 Carioca Plaza,2.6,Food Chemist,12886,93545,Oyoba,US,Albuquerque,3565316275836436,jcb,24/05/1990,10/11/2048,"€89758,66"
35,Reg,Kerswell,Reg Kerswell,Manon Rofe,560222280424003393,3550725101974418,(640) 9879347,lrothwelly@bing.com,6 Loftsgordon Junction,24.7,Software Engineer IV,12545,00612,Gigashots,CN,Beichan,6334820371171742240,solo,09/01/1998,21/09/2029,"€35941,72"
36,Joyan,Griffin,Joyan Griffin,Celinka Linnane,3544787124842328,374622855293972,(806) 7622077,hschiefersteinz@example.com,8270 Ridge Oak Circle,12.4,Civil Engineer,98168,81812,Devshare,ID,Cikananga,560221977683913011,china-unionpay,17/08/1990,30/09/2001,"€64460,09"
37,Corrina,Birtle,Corrina Birtle,Brig Pessel,3528560948078647,676264278424339794,(719) 9950588,htunnoch10@elpais.com,210 Golf Course Point,36.5,Financial Advisor,04281,55897,Thoughtblab,PH,Paldit,3587356179066593,jcb,29/01/1995,02/12/2033,"€92276,08"
38,Leone,Tilling,Leone Tilling,Les Rodders,3574764998553797,3547600677966740,(735) 3027751,wheadings11@sitemeter.com,9 Dixon Lane,37.3,Media Manager III,80911,54519,Voonte,CN,Shangrao,3565164230617933,jcb,17/09/1996,05/11/2021,"€37139,56"
39,Hurley,Debill,Hurley Debill,Dorotea Menure,6331107062193610,3529058389461405,(726) 5788594,nlerven12@theglobeandmail.com,1159 Express Circle,29.8,Statistician IV,62705,67340,Lazzy,TT,Tabaquite,58934830490569646,maestro,28/01/1993,15/01/2044,"€31229,16"
40,Hunter,Coldbath,Hunter Coldbath,Tessa De Lascy,3529623116687729,4405873188663168,(892) 3705409,hrottgers13@123-reg.co.uk,875 Delladonna Way,26.7,Operator,41737,40424,Gabtune,ID,Palaran,3577684131799544,jcb,06/01/1997,25/05/2024,"€73361,10"
41,Ranna,Ferrant,Ranna Ferrant,Abbey Chadderton,3540315827959704,5641825051827285109,(336) 9551132,dbetho14@mac.com,236 Golf Course Place,36.4,Occupational Therapist,60710,74341,Oyoyo,ID,Gowa,30477168229726,diners-club-carte-blanche,24/03/1993,22/07/2010,"€64058,06"
42,Clayton,Idiens,Clayton Idiens,Katharyn Linskill,3575381471210347,3553147138413780,(530) 5444783,gkrysztofiak15@e-recht24.de,39 Victoria Road,2.0,Electrical Engineer,31011,12057,Buzzdog,PT,Praia de Mira,4844988795061884,visa-electron,07/02/1994,16/05/2023,"€48209,22"
43,Bernita,Danko,Bernita Danko,Adrien Picott,3552018035214061,4905284130373614427,(610) 5226178,mpresshaugh16@mozilla.org,7 Meadow Vale Junction,36.5,Nurse,17575,91702,Flipbug,US,Reading,3540046017678008,jcb,12/10/1998,09/11/2024,"€48807,84"
44,Jobie,Geeraert,Jobie Geeraert,Clayton Idiens,3530966139488089,3575381471210347,(675) 3915377,walves17@feedburner.com,71 Surrey Crossing,40.7,Nuclear Power Engineer,25511,31011,Flashset,RU,Belyye Stolby,3530984857817165,jcb,20/02/1990,09/12/2039,"€65314,60"
45,Manon,Rofe,Manon Rofe,Hurley Debill,3550725101974418,6331107062193610,(114) 8368817,nbellay18@w3.org,5768 Stone Corner Trail,44.7,Senior Sales Associate,00612,62705,Aimbu,ID,Karangampel,503874598549353950,maestro,06/06/1993,24/05/2044,"€61453,42"
46,Roxane,McGonagle,Roxane McGonagle,Aurthur Arsey,4026773294084706,56022177822965085,(791) 8206303,gnorthcote19@newsvine.com,9 Green Ridge Alley,32.2,Web Developer II,17969,41749,Blogpad,TH,Pak Phanang,3576847057666689,jcb,29/01/1998,12/05/2013,"€22739,41"
47,Kitti,Eliesco,Kitti Eliesco,Edd Tassell,4041379965258503,3539830591108976,(573) 5666744,aantrum1a@washingtonpost.com,5363 Parkside Street,29.0,Teacher,63761,23454,Feedfish,PT,Covas,374283812166247,americanexpress,30/08/1991,08/12/2047,"€91785,86"
48,Ethelind,Wybron,Ethelind Wybron,Sibby Dearlove,5602216674784221,30097456404680,(334) 7220299,edunkley1b@prlog.org,52 Longview Junction,44.0,Programmer Analyst II,93545,73016,Yotz,HR,Belica,3570743934502880,jcb,29/11/1998,22/06/2039,"€84384,63"
49,Dominick,Condon,Dominick Condon,Les Rodders,589320860036838854,3547600677966740,(991) 7401669,fortell1c@prnewswire.com,69 2nd Trail,41.1,Design Engineer,34804,54519,Babbleopia,JP,Nichinan,3558858725363262,jcb,10/03/1994,12/05/2010,"€51246,93"
50,Leone,Tilling,Leone Tilling,Innis Lofting,3574764998553797,3549238301948327,(208) 3123086,wshepherdson1d@apple.com,64 Derek Alley,43.3,Systems Administrator II,80911,09276,Voonte,CN,Naji,3549721256798672,jcb,11/03/1998,24/11/2045,"€93389,44"
51,Noell,Dutton,Noell Dutton,Innis Lofting,374283042606830,3549238301948327,(422) 7148944,jfellnee1e@seesaa.net,9048 Elka Court,44.5,General Manager,34683,09276,Tagtune,ID,Peukanbada,5610845960992243894,china-unionpay,02/06/1997,11/12/2014,"€41588,98"
52,Johann,Roly,Johann Roly,Harli Haggidon,3583052706273018,5602240483376763,(425) 3878859,gshackle1f@opera.com,540 Calypso Place,34.6,Environmental Specialist,33673,19838,Brainbox,FR,Limeil-Brévannes,6761527060597240,maestro,11/01/1992,12/07/2002,"€73528,13"
53,Rab,Faulconer,Rab Faulconer,Ardis Fuzzens,4724318333227,3559358869021890,(947) 6372705,rbirtley1g@china.com.cn,23 Rowland Junction,41.2,Geologist I,22131,73658,Skajo,ID,Ngandangan,5010121205520233,mastercard,05/05/1993,31/07/2034,"€27833,38"
54,Erna,Bechley,Erna Bechley,Florencia Smallpiece,67098109037531275,3556237449712322,(588) 6760511,bgayne1h@alexa.com,16 Arapahoe Trail,21.2,Account Representative I,63697,64001,Skiba,TH,Khlong Luang,677133314556405686,laser,01/12/1994,03/03/2011,"€81218,72"
55,Pyotr,Kyston,Pyotr Kyston,Grover Banham,5893777534537654008,3532949449887552,(666) 3969405,hwiltshear1i@lulu.com,17 Laurel Center,46.7,Geological Engineer,69684,23323,Browsetype,CN,Mingyue,3557265129092714,jcb,31/03/1998,05/08/2022,"€53758,09"
56,See,Lennon,See Lennon,Normie Passe,633110076794901160,3558167265721081,(341) 6281484,mgoudman1j@princeton.edu,39 Aberg Trail,48.0,Information Systems Manager,51969,40643,Buzzster,CZ,Černošice,3549854356468746,jcb,03/04/1991,11/06/2003,"€91457,16"
57,Dominick,Condon,Dominick Condon,Jobie Geeraert,589320860036838854,3530966139488089,(796) 3008514,lbeaver1k@wired.com,5853 Anderson Alley,18.1,Geologist IV,34804,25511,Babbleopia,CU,Amancio,3546422701914666,jcb,15/12/1997,23/11/2012,"€23470,33"
58,Dominick,Condon,Dominick Condon,Ranna Ferrant,589320860036838854,3540315827959704,(959) 3651736,taggott1l@barnesandnoble.com,841 Armistice Park,30.1,Statistician III,34804,60710,Babbleopia,PH,Carot,3540480437840726,jcb,09/09/1990,05/07/2006,"€88353,20"
59,Floyd,Leifer,Floyd Leifer,Danya Cardoe,3583303300400139,50204877909776254,(272) 8106753,cferryn1m@dailymail.co.uk,4594 Dapin Center,20.9,Dental Hygienist,26061,83435,Gigabox,CN,Hanshou,5602252499863346,bankcard,08/07/1996,30/11/2004,"€87387,63"
60,Harli,Haggidon,Harli Haggidon,Killian Blasius,5602240483376763,3554811707144766,(376) 5265787,rduffyn1n@vimeo.com,86422 Manley Hill,7.6,Speech Pathologist,19838,60236,Jetwire,BG,Stamboliyski,3582570693233845,jcb,14/06/1994,23/10/2020,"€45491,24"
61,Corrina,Birtle,Corrina Birtle,Leann Bannerman,3528560948078647,5234246133282703,(638) 9968886,jlowy1o@bigcartel.com,4032 Petterle Trail,38.5,Electrical Engineer,04281,90280,Thoughtblab,PT,São João de Caparica,3553767402081979,jcb,10/06/1990,08/01/2008,"€62806,88"
62,Helyn,Thorowgood,Helyn Thorowgood,Dorita Banck,3556226438197959,633110335225238604,(690) 5986472,ebruun1p@wikipedia.org,04096 Sloan Place,24.2,Biostatistician II,42442,42331,Voonte,PL,Skała,337941865987910,americanexpress,06/10/1993,30/06/2000,"€37114,17"
63,Emmye,Cockshutt,Emmye Cockshutt,Bernita Danko,4175003397482733,3552018035214061,(205) 3218795,welam1q@goodreads.com,7877 Dayton Road,17.9,Web Designer IV,53774,17575,Riffpath,RU,Vladivostok,6331101456427935924,switch,11/06/1991,16/04/2043,"€46877,04"
64,Joyan,Griffin,Joyan Griffin,Floyd Leifer,3544787124842328,3583303300400139,(422) 4295616,eproudlove1r@admin.ch,96304 Steensland Terrace,43.4,Senior Developer,98168,26061,Devshare,VN,Quảng Ngãi,4913261425507882,visa-electron,22/02/1991,17/08/2014,"€9435,31"
65,Innis,Lofting,Innis Lofting,Beilul Kluge,3549238301948327,3549549761251139,(260) 5188272,edemicoli1s@ovh.net,2691 Acker Circle,26.6,Junior Executive,09276,03905,Tagopia,UA,Preobrazhenka,3552812214223590,jcb,18/10/1992,28/06/2045,"€93425,87"
66,Dominick,Condon,Dominick Condon,Erna Bechley,589320860036838854,67098109037531275,(754) 2220479,elindhe1t@mtv.com,109 Almo Crossing,1.5,Account Representative II,34804,63697,Babbleopia,RU,Promyshlennovskiy,4903698335399045,switch,09/11/1994,27/10/2041,"€46322,39"
67,Bernadina,Bushell,Bernadina Bushell,Hurley Debill,6771140717017813650,6331107062193610,(116) 8028402,cbarrass1u@answers.com,204 Elmside Junction,40.4,Web Developer II,33327,62705,Linktype,CN,Shuanglu,5602239558229766,bankcard,25/08/1997,12/02/2012,"€12316,59"
68,Corrina,Birtle,Corrina Birtle,Kitti Eliesco,3528560948078647,4041379965258503,(958) 6952866,kroskelley1v@mashable.com,2 Pearson Plaza,4.6,Professor,04281,63761,Thoughtblab,SE,Södertälje,5579808527358457,mastercard,28/10/1995,05/03/2014,"€29100,48"
69,Reiko,Webster,Reiko Webster,Rancell Bromehed,561011696668853925,201610837989824,(584) 1164602,rhellmer1w@yelp.com,94125 Mockingbird Place,27.6,Junior Executive,01388,34541,Oyoyo,CN,Huwan,3588447461441476,jcb,16/10/1998,19/08/2035,"€79039,47"
70,Chanda,Suddock,Chanda Suddock,Marissa Sackler,6333894206703259,3544737614355828,(202) 4957329,mabrahamsohn1x@joomla.org,10 Iowa Avenue,23.6,Structural Engineer,32785,56468,Gabtune,BR,Mendes,342718364564702,americanexpress,09/05/1992,10/10/2040,"€80074,46"
71,Pietrek,Brehaut,Pietrek Brehaut,Beilul Kluge,6331109225401786005,3549549761251139,(641) 3230252,wlestrange1y@gmpg.org,750 Dryden Lane,4.8,VP Product Management,42304,03905,Topicblab,BR,Telêmaco Borba,337941819047357,americanexpress,05/12/1991,04/02/2029,"€19539,03"
72,Torie,Pickersgill,Torie Pickersgill,Hunter Coldbath,3588060212468043,3529623116687729,(173) 8412071,hcripps1z@who.int,3447 Loftsgordon Alley,38.5,Recruiter,91555,41737,Flashpoint,CA,Kelowna,3569660766253130,jcb,20/11/1998,09/09/2023,"€19771,47"
73,Abbey,Chadderton,Abbey Chadderton,Corrina Birtle,5641825051827285109,3528560948078647,(505) 4769370,mmollatt20@un.org,8095 3rd Terrace,28.1,Tax Accountant,74341,04281,Brightdog,GT,Santa Lucía Cotzumalguapa,6767420368193577898,solo,25/04/1991,16/10/2034,"€78410,35"
74,Tessa,De Lascy,Tessa De Lascy,Hurley Debill,4405873188663168,6331107062193610,(854) 3755926,mclifft21@hugedomains.com,29 Lake View Park,46.7,Senior Sales Associate,40424,62705,Demimbu,ZM,Chipata,5602257696233631,bankcard,03/08/1991,02/03/2016,"€69451,37"
75,Kippy,Moncreiffe,Kippy Moncreiffe,Berkly Thorlby,201815208593119,3559735495406571,(304) 6022480,acrumby22@webs.com,18515 Quincy Hill,31.1,Developer II,04611,26135,Fatz,NI,La Paz Centro,375169651940512,americanexpress,27/12/1996,19/08/2001,"€27399,38"
76,Beilul,Kluge,Beilul Kluge,Pietrek Brehaut,3549549761251139,6331109225401786005,(194) 3675183,lfranceschielli23@marriott.com,6 Burning Wood Street,45.2,Staff Scientist,03905,42304,Einti,PL,Grodków,3547938680199937,jcb,21/02/1991,18/03/2029,"€23214,36"
77,Dominick,Condon,Dominick Condon,Rab Faulconer,589320860036838854,4724318333227,(380) 1638918,lpiller24@ebay.co.uk,1 Susan Junction,6.6,Graphic Designer,34804,22131,Babbleopia,PL,Komorów,3545543009701702,jcb,06/12/1993,16/07/2031,"€40556,87"
78,Florencia,Smallpiece,Florencia Smallpiece,Normie Passe,3556237449712322,3558167265721081,(727) 3326488,mmallam25@cargocollective.com,04 Stoughton Street,25.7,Nuclear Power Engineer,64001,40643,Dabjam,CN,Libu,201841822842054,diners-club-enroute,07/11/1990,14/06/2034,"€17508,23"
79,Grover,Banham,Grover Banham,Grover Banham,3532949449887552,3532949449887552,(754) 8894227,gcourtin26@merriam-webster.com,0753 Dottie Street,31.7,Environmental Specialist,23323,23323,Skipstorm,ID,Krajan,6771385709672850,laser,03/03/1998,13/10/2033,"€34935,60"
80,Les,Rodders,Les Rodders,Brig Pessel,3547600677966740,676264278424339794,(422) 4327568,mrunge27@webmd.com,32371 Old Shore Place,2.2,Administrative Officer,54519,55897,Jaxnation,PH,Calasgasan,4911687892229455,switch,21/04/1995,03/11/2028,"€87191,23"
81,Ardis,Fuzzens,Ardis Fuzzens,Timofei Antonetti,3559358869021890,3572089483558610,(627) 4666554,jkilborn28@adobe.com,929 5th Avenue,7.2,Recruiting Manager,73658,23991,Voolith,UG,Bugembe,3544597075656753,jcb,04/02/1991,27/12/2031,"€24447,38"
82,Abbey,Chadderton,Abbey Chadderton,Isabella Loddon,5641825051827285109,3586353314092825,(778) 8699460,ebarlie29@purevolume.com,6410 Coleman Point,3.1,Senior Quality Engineer,74341,77204,Brightdog,PT,Mirões,3567701508548551,jcb,17/10/1993,09/06/2038,"€88023,14"
83,Chrysa,Elmer,Chrysa Elmer,Harli Haggidon,372301416770784,5602240483376763,(416) 3941561,sdampney2a@pbs.org,94 Summer Ridge Pass,16.5,Geological Engineer,47845,19838,Linkbridge,PT,Outeiro de Polima,30373486880474,diners-club-carte-blanche,08/07/1992,05/06/2024,"€20123,97"
84,Isabella,Loddon,Isabella Loddon,Liam Tetley,3586353314092825,5602217658731048,(970) 5381337,rmckechnie2b@fastcompany.com,6 Lindbergh Junction,47.5,VP Quality Control,77204,63876,Ooba,JM,Port Antonio,30420987688805,diners-club-carte-blanche,08/04/1998,26/09/2024,"€65306,40"
85,Kippy,Moncreiffe,Kippy Moncreiffe,Hurley Debill,201815208593119,6331107062193610,(565) 2714855,mbrightwell2c@blogs.com,2 Weeping Birch Trail,19.5,Chemical Engineer,04611,62705,Fatz,MY,Kuala Lumpur,3574409359471169,jcb,07/01/1991,17/07/2046,"€13472,50"
86,Harli,Haggidon,Harli Haggidon,Noell Dutton,5602240483376763,374283042606830,(998) 4567699,jtousey2d@sfgate.com,3427 Nova Drive,3.4,Administrative Officer,19838,34683,Jetwire,FR,Andrézieux-Bouthéon,3578814387483118,jcb,06/09/1997,01/06/2015,"€64574,96"
87,Gerhardt,Roskams,Gerhardt Roskams,Grover Banham,3579742871832012,3532949449887552,(385) 3900219,jthorlby2e@noaa.gov,4 Dennis Circle,8.9,Database Administrator I,78338,23323,Mynte,MA,Amizmiz,374288777241174,americanexpress,09/12/1990,07/12/2044,"€69813,32"
88,Tadd,Hairon,Tadd Hairon,Alissa Armsby,3582920874629420,5602231731668754,(933) 9741246,klaurisch2f@drupal.org,794 Heffernan Plaza,40.7,Pharmacist,62963,88772,Blognation,CN,Jiaoba,3534305084851312,jcb,19/03/1997,04/03/2045,"€78207,43"
89,Thane,Kopman,Thane Kopman,Bernita Danko,5247211973609618,3552018035214061,(606) 1133711,jbarti2g@symantec.com,9086 Schlimgen Place,4.7,GIS Technical Architect,21965,17575,Browsedrive,BY,Vidzy,3528698130992256,jcb,20/06/1991,02/09/2032,"€17748,43"
90,Cyrus,Kiffin,Cyrus Kiffin,Grover Banham,633303471187926311,3532949449887552,(414) 3917818,zkeast2h@virginia.edu,5877 Bunker Hill Parkway,12.7,Human Resources Assistant IV,33276,23323,Meedoo,BR,Itinga,3548652492106332,jcb,04/05/1998,17/03/2040,"€37388,77"
91,Norri,Feldhorn,Norri Feldhorn,Inge Boxe,3556214564456597,3588355529014617,(754) 5538299,tscopyn2i@qq.com,54450 Swallow Road,26.6,Programmer II,08268,23896,Edgewire,ID,Ketanggi,371720766128510,americanexpress,18/05/1995,05/07/2019,"€80438,52"
92,Cyrus,Kiffin,Cyrus Kiffin,Chanda Suddock,633303471187926311,6333894206703259,(331) 5658225,dvenable2j@multiply.com,1970 Village Green Pass,23.5,Sales Representative,33276,32785,Meedoo,PL,Frydrychowice,3588163972973861,jcb,16/11/1991,31/12/2038,"€76858,15"
93,Kirbee,Battram,Kirbee Battram,Kathrine Morillas,3552724985902379,4026132191408015,(778) 7084159,mblaylock2k@webeden.co.uk,9074 4th Center,38.8,Structural Engineer,21497,94553,Skivee,CN,Fenghua,3567553127991906,jcb,17/05/1995,10/10/2007,"€89527,69"
94,Harley,Rubertelli,Harley Rubertelli,Katharyn Linskill,6761758943577482553,3553147138413780,(193) 9342242,vhacon2l@simplemachines.org,0561 Kinsman Terrace,32.5,Associate Professor,44418,12057,Topicware,PH,Pidsandawan,5232537623033453,mastercard,18/04/1998,27/01/2003,"€78229,67"
95,Titos,Sore,Titos Sore,Ruthann Brader,3565959759068172,5100138594646487,(690) 9012290,cfouch2m@engadget.com,06 Bonner Lane,16.5,Research Assistant I,29111,51207,Pixoboo,CN,Yichun,3548743365275880,jcb,19/05/1994,27/09/2002,"€70920,10"
96,Torie,Pickersgill,Torie Pickersgill,Ruthann Brader,3588060212468043,5100138594646487,(158) 9761389,pthieme2n@about.me,74603 Northview Pass,47.4,Software Test Engineer III,91555,51207,Flashpoint,RU,Krasnogorskiy,491151512828567166,switch,03/09/1993,27/06/2016,"€99015,77"
97,Bret,Van Schafflaer,Bret Van Schafflaer,Gerhardt Roskams,3555947371464517,3579742871832012,(781) 2606827,cbiskup2o@privacy.gov.au,1279 Drewry Street,13.7,Project Manager,02589,78338,Kwimbee,PE,Acarí,370883686596892,americanexpress,17/02/1994,14/01/2004,"€27110,64"
98,Innis,Lofting,Innis Lofting,Kirbee Battram,3549238301948327,3552724985902379,(532) 9823671,jbellini2p@wisc.edu,69 Fair Oaks Parkway,34.4,Research Assistant III,09276,21497,Tagopia,PT,Lamarosa,30074766253560,diners-club-carte-blanche,08/02/1994,23/05/2047,"€57882,62"
99,Rab,Faulconer,Rab Faulconer,Dorie Covington,4724318333227,3582125964395151,(297) 5265617,bwhyman2q@jiathis.com,69641 Namekagon Crossing,22.3,Senior Cost Accountant,22131,52566,Skajo,CN,Loudi,4225437734683,visa,25/03/1993,18/01/2002,"€46423,89"
100,Clayton,Idiens,Clayton Idiens,Erna Bechley,3575381471210347,67098109037531275,(453) 4052720,pbome2r@goo.ne.jp,3 North Trail,32.8,Programmer Analyst II,31011,63697,Buzzdog,PL,Daszewice,5100131602974751,mastercard,21/08/1995,06/12/2020,"€19394,85"
